Artwork,Artist,Song,Genre(s) on Reddit,Reddit upvotes,Spotify song popularity (0-100),Spotify artist popularity (0-100),Spotify artist follower count,Released on Spotify
"https://i.scdn.co/image/ab67616d0000b27310e59be9fca1f647161108db, https://open.spotify.com/track/0KQd3QY1Y8zC2rfO4ZBQRC",Del The Funky Homosapien,Mistadobalina,hip hop,979,55,52,264K,2004-02-10
"https://i.scdn.co/image/ab67616d0000b273f4575614e55b7a8e577eb047, https://open.spotify.com/track/6BI2GDwlQV32JZLgYPMlFM",New Constellations,Hot Blooded,nu wave vapor,544,62,44,9.33K,2021-01-01
"https://i.scdn.co/image/ab67616d0000b273d1219bb88591b162a43027a0, https://open.spotify.com/track/2PkO0ofPyFErixUUGTCm6e",Mansions,Dig Up the Dead,alt rock,424,35,27,24.2K,2011-04-05
"https://i.scdn.co/image/ab67616d0000b273332e80447a4ddc2843ea332a, https://open.spotify.com/track/7KvSuH86lIT2aTl9PBCAfd",Sneaker Pimps,6 Underground,trip hop,399,55,47,213K,1996-08-18
"https://i.scdn.co/image/ab67616d0000b2739cfb0da6f2a2f78dded107e0, https://open.spotify.com/track/2BjYUxiUeM5rGi2q1unczB","""Weird Al"" Yankovic",Bedrock Anthem,rock,360,30,57,672K,1993-01-01
"https://i.scdn.co/image/ab67616d0000b273e13c00d140fb16542511d966, https://open.spotify.com/track/4ugM6HK7IMyiej9L4SzGG3",Common Rider,Castaways,punk rock,301,29,34,19.9K,1999-01-01
"https://i.scdn.co/image/ab67616d0000b27330f611915a41baa0e98cfa26, https://open.spotify.com/track/6wYlN6ikOUsS0PQEI4XJMl",Wednesday,Bull Believer,"post-punk, shoe-gaze, grunge",293,42,40,23.2K,2022-09-08
"https://i.scdn.co/image/ab67616d0000b2733be0a84390439c38f3d15660, https://open.spotify.com/track/54AMBJCCT4TuLsEFTgbnC8",Imber Levis,Rain In The City,"jazz, fusion, synth-pop",282,29,43,91,2021-09-03
"https://i.scdn.co/image/ab67616d0000b273a7ff3c6b53921008d0fe98ec, https://open.spotify.com/track/3Rygskf8lMZSgFbAIdb5Rn",Lonnie Johnson,Mr Johnson's Blues No. 2,prewar urban blues,265,0,29,25.8K,1991-01-01
"https://i.scdn.co/image/ab67616d0000b273d051608966c9f4e8baac99e9, https://open.spotify.com/track/2PyDeNcULEWKlq23nAMcbN",GENTS,Young Again,"synth pop, electronic",207,47,34,15.7K,2015-01-01
"https://i.scdn.co/image/ab67616d0000b273c558a51a854451a41f8a428b, https://open.spotify.com/track/4Gqfq13MBRbBXeEYfs639S",Organ Freeman,Byrd vs Fish,jazz fusion,186,13,27,17.8K,2017-09-12
"https://i.scdn.co/image/ab67616d0000b273e78b00ce2d5f0f7f437e61a0, https://open.spotify.com/track/71dRBSmaKMdaFZPeZlVzf5",Bad Religion,You,punk rock,174,58,61,1.11M,1989-01-01
"https://i.scdn.co/image/ab67616d0000b2732fcb0a3c7a66e516b11cd26e, https://open.spotify.com/track/2HuMQkNVpFIsur2cRWWQmX",Massive Attack,Exchange,trip-hop,171,47,63,1.87M,1998-01-01
"https://i.scdn.co/image/ab67616d0000b273bd5f34c178f201ade433d1c0, https://open.spotify.com/track/4pfPOuQ6jNB4ZqlZksV2JB",Destroy Rebuild Until God Shows,GOLD,rock,169,42,44,115K,2022-06-17
"https://i.scdn.co/image/ab67616d0000b273da79cbc3b29d31b96ee3fc3d, https://open.spotify.com/track/3fNf71Ktya4CYMqGM6eRud",Garbage,Stupid Girl,alt rock,151,52,58,1.02M,1995-01-01
"https://i.scdn.co/image/ab67616d0000b273239448a9c1e3e5a067919b5b, https://open.spotify.com/track/2zHVwJ0RfU62h0bhlqGHHt",Izzy and the Black Trees,Liberate,"rock, alternative",124,13,9,705,2022-06-10
"https://i.scdn.co/image/ab67616d0000b273e5736e58acf1f0a365fbeabd, https://open.spotify.com/track/24jeoiqST0kMcpaUzegkss",'Songs for a New World' 2018 Encores! Off-Center Company,Opening: The New World,ambient,118,35,23,505,2019-01-25
"https://i.scdn.co/image/ab67616d0000b273c4cc3c70e4896a692ca6b582, https://open.spotify.com/track/6hHUiDe461VUoTHnsplRYs",Edie Brickell & New Bohemians,What I Am,folk,108,58,46,127K,1988-01-01
"https://i.scdn.co/image/ab67616d0000b27382ef85d184a7b652605da024, https://open.spotify.com/track/42LJtYCKDdJWidHx4neMcF",Lecx Stacy,Haunted Be Thy,industrial post hardcore,108,36,32,1.37K,2022-07-21
"https://i.scdn.co/image/ab67616d0000b27315bb5eef7cc8c71541bc4696, https://open.spotify.com/track/2LQhCKL8KvneYVbUXeaWCP",Sadie,Meisai,dnb,95,29,59,97.7K,2013-07-31
"https://i.scdn.co/image/ab67616d0000b27345d8eaebe1528abd4d9895cf, https://open.spotify.com/track/7gHUV0kcLTzCSocBJvIis6",Fugazi,Shut the Door,post-hardcore,77,37,55,419K,1990-03-01
"https://i.scdn.co/image/ab67616d0000b273f80a21df1a97b5b2a4c62fa4, https://open.spotify.com/track/4ccW0n1s1ByBG88ZwxOPf1",Lead Belly,Black Betty,blues,63,35,39,168K,1994-09-20
"https://i.scdn.co/image/ab67616d0000b27335f89fdaa7da295d16b6af3d, https://open.spotify.com/track/55OePLvaiGkKlYlqAGUCr3",Cem Karaca,Kara Sevda,anatolian rock,58,35,57,1.53M,1998-04-02
"https://i.scdn.co/image/ab67616d0000b27395303555f8be7ef24ba9a32a, https://open.spotify.com/track/4KL7ldIFkJnJRBMqZk6omo",Frostyn,BIG Huge Dick,garage rock,53,1,50,111K,2019-07-03
"https://i.scdn.co/image/ab67616d0000b27360db4ca924d17bc6754e89aa, https://open.spotify.com/track/0MU1TyyAbuoXLGiQBgW9CI",Judas Priest,Night Crawler,heavy metal,46,55,66,3.31M,1990-09-26
"https://i.scdn.co/image/ab67616d0000b2738e3b313f38d38ddd647ae9d8, https://open.spotify.com/track/7ammiC4TKHgMXP8RnccYcA",IMANU,Shoyu,edm,46,41,50,32.5K,2022-09-16
"https://i.scdn.co/image/ab67616d0000b27368a0a205f8c3eb955e6ec797, https://open.spotify.com/track/3NJLZrv6mZd1UR5mHXTRRU",Ein Gespenst,Elster,dreampop,41,2,2,136,2022-09-16
"https://i.scdn.co/image/ab67616d0000b273242e643ea07118ecf677a6ef, https://open.spotify.com/track/2lE7oRoKssULAtbWViL385",Alanis Morissette,Hand in My Pocket - 2015 Remaster,rock,40,67,66,2.32M,1995-01-01
"https://i.scdn.co/image/ab67616d0000b273cdf96efe927cadc64d599478, https://open.spotify.com/track/0vYwuusWbEUVB19VSXQu9P",Thyme Klaessy,The City Look,deep house,38,18,20,31,2021-06-02
"https://i.scdn.co/image/ab67616d0000b27323fb02f383f3bef16ab9d092, https://open.spotify.com/track/7dZ83x0X0QnZfm1mvJ83bn",Thundercat,Fair Chance,desk,37,54,70,960K,2020-04-03
"https://i.scdn.co/image/ab67616d0000b273f39a53a125237d90939b4e83, https://open.spotify.com/track/2PIHVtG2VCiWJwWd7t13mt",Prisoner,Crying Sauce,"downtempo, chill guitar jams",37,8,21,3.06K,2020-01-29
"https://i.scdn.co/image/ab67616d0000b273c7d05ba84aa7a89dfa14498d, https://open.spotify.com/track/5uE7ab6bKlifPoIWxnc0Uh",Something Bitter,Let It Rain,"pop punk, emo, punk rock",36,2,1,14,2022-09-16
"https://i.scdn.co/image/ab67616d0000b27321590ea36e6264a1917d02eb, https://open.spotify.com/track/1UWbBFaZNksb3AmgldkprR",Joy Division,Isolation - 2007 Remaster,post-punk,30,50,63,1.95M,1980-01-01
"https://i.scdn.co/image/ab67616d0000b27336698c566b3c504149a27e2f, https://open.spotify.com/track/6K3tZ7PqB44OyAklC3he8N",Koyo,Moriches,"emo, melodic hardcore",30,42,33,11.5K,2021-07-06
"https://i.scdn.co/image/ab67616d0000b2739adbde6fea66a33c6c05ac28, https://open.spotify.com/track/5oWC3XWBa3k55eoWfxXY1v",Witch Piss,Hand of Glory,punk,28,0,0,27,2022-09-16
"https://i.scdn.co/image/ab67616d0000b273aff6573c5110e0732fbab3d8, https://open.spotify.com/track/1tqT6DhmsrtQgyCKUwotiw",Marvin Gaye,I Heard It Through The Grapevine,soul,25,72,72,4.69M,1968-08-26
"https://i.scdn.co/image/ab67616d0000b2734bd7c453f235cb1c7875d534, https://open.spotify.com/track/2NowPfmY4HuVwHxVQHQK8Y",Dubinski,Beyond Me,scottish indie rock,23,9,8,2.13K,2022-09-14
"https://i.scdn.co/image/ab67616d0000b273f903e62767a0e22e33b7af83, https://open.spotify.com/track/4aVuWgvD0X63hcOCnZtNFA",TOTO,Hold the Line,rock,22,79,72,2.38M,1978-10-10
"https://i.scdn.co/image/ab67616d0000b2737b06d3643626956a19e6aae2, https://open.spotify.com/track/0VyscP08nnuhIJCsghha5d",Yoshihiro Koseki,君をのせて,"fusion, funk",20,43,34,5.79K,2014-04-23
"https://i.scdn.co/image/ab67616d0000b27316eb1e685e6bd37ab3228de6, https://open.spotify.com/track/0rcLhYRihks3t4lFPtHhQV",Joy Division,She's Lost Control - 2007 Remaster,post-punk,19,58,63,1.95M,1979-06-01
"https://i.scdn.co/image/ab67616d0000b2733f9f335e872ecccfa0b69158, https://open.spotify.com/track/2ABqZU1WhTSWvRu7Hi0JUf",Jonathan Scales Fourchestra,The Trap,jazz fusion,19,6,7,3K,2018-09-14
"https://i.scdn.co/image/ab67616d0000b27365cba9782d6b588d6abaf2f6, https://open.spotify.com/track/2W0heyGT8e9H8aSCgBF1Yk",A People Person,Shadows on the Wall,"alternative, indie rock",18,15,8,1.14K,2021-02-02
"https://i.scdn.co/image/ab67616d0000b273210c8f856757abec0806209c, https://open.spotify.com/track/4CpWJkSodVFE3HSylu7ajJ",Deltron 3030,Virus,rap,15,45,45,206K,2000-01-01
"https://i.scdn.co/image/ab67616d0000b2739bdaf0f75c7497e147792442, https://open.spotify.com/track/6PDBcqHNIg5cOojcCkhxYM",White Zombie,"Ratfinks, Suicide Tanks And Cannibal Girls",performance,15,53,58,1.01M,2008-01-01
"https://i.scdn.co/image/ab67616d0000b273bf10c2848e7ee2ca6cdb2a9c, https://open.spotify.com/track/4HvaIjlfJkRojAYeDRV4ye",Orville Peck,"Drive Me, Crazy",alt country,15,48,58,274K,2020-08-14
"https://i.scdn.co/image/ab67616d0000b273752a1573f8cb8f700a98f405, https://open.spotify.com/track/2u7J292h3IjJlWSs4VBYkf",Bauhaus,In the Flat Field,gothic rock,14,41,52,605K,1980-11-03
"https://i.scdn.co/image/ab67616d0000b2734330d79d30a20e863eb6ce9a, https://open.spotify.com/track/0nIt4z72e4F4TKbz2ItvA8",UNI and The Urchins,DOLL PARTS,electronic pop,14,13,10,4.7K,2022-09-14
"https://i.scdn.co/image/ab67616d0000b273afa78b1aae2011f9fc9c2eb7, https://open.spotify.com/track/7xiYCA9pJS904OASmgjOxD",Paul Weller,Wild Wood,indie,13,54,52,397K,1993-01-01
"https://i.scdn.co/image/ab67616d0000b2734139c9208eeed67d2a211beb, https://open.spotify.com/track/3354J49VpkbZJho7Ztdzpw",Third Eye Blind,Jumper - 1998 Edit,alt rock,12,67,63,1.36M,1997-04-08
"https://i.scdn.co/image/ab67616d0000b2735a2fd6125d572b9a26b0ec84, https://open.spotify.com/track/1rTkO28MRMlGLzJqsj2XOG",Tequila Maison,Un Día,"folk, bluegrass",12,0,0,5,2022-06-19
"https://i.scdn.co/image/ab67616d0000b273867f9c4d0391216d4e3d132b, https://open.spotify.com/track/1SmwJJ8YVgiXtyE6elhUx1",Taeko Onuki,Tokai,japanese pop rock,12,51,54,148K,1977-07-25
"https://i.scdn.co/image/ab67616d0000b273556d8d383a167b1b072f1e09, https://open.spotify.com/track/7u3esYaMCAdzz35pH0yOrC",Clutch,12 Ounce Epilogue,"metal, rock",11,25,57,486K,1993-07-27
"https://i.scdn.co/image/ab67616d0000b2736fcd8bd889c11501e74dc817, https://open.spotify.com/track/340FrzH0Ji2keVAlX2FJZ5",Saves The Day,At Your Funeral,alternative,10,49,44,138K,2001-07-10
"https://i.scdn.co/image/ab67616d0000b2737c339fceb0823e6e22cf0aa3, https://open.spotify.com/track/6MlKzxh2Vogap4MRRLDgfZ",Sean Dagher,"Where Am I to Go, M'Johnnies",sea shanty,10,38,52,14.7K,2014-06-16
"https://i.scdn.co/image/ab67616d0000b27350913be5036a8812d1ebb23e, https://open.spotify.com/track/0wgTpdtv6gvlaJcSomHtyl",Colored Sky,Discovery,nuevo flamenco,10,0,1,10,2021-12-08
"https://i.scdn.co/image/ab67616d0000b273a2cbd57c8224639e592246f7, https://open.spotify.com/track/6bG6gDfNrFG861tuFYhJzS",Toners,vega$ Main Tv Show Theme,punk,9,27,45,1.7K,2013-05-10
"https://i.scdn.co/image/ab67616d0000b2732e3626ba4558ad4f210b936c, https://open.spotify.com/track/2b3R70hEWM4IZADVg3P46h",Dimitri De Alencar,Human Beings,coldwave,9,12,18,2.48K,2020-05-10
"https://i.scdn.co/image/ab67616d0000b2733fd3901a62fd3fd44600c19e, https://open.spotify.com/track/69E1WmPmooWYQdmKbESBNz",Melanie Sandford,Silhouette,"powerpop, paisley underground, indie",8,2,0,249,2020-07-17
"https://i.scdn.co/image/ab67616d0000b273524e9e45a2e0067b8189a92e, https://open.spotify.com/track/7zMUCLm1TN9o9JlLISztxO",Elvis Presley,Burning Love,rock,8,75,81,7.2M,1973-07-16
"https://i.scdn.co/image/ab67616d0000b27332c369a121424a7dd2afb054, https://open.spotify.com/track/7k33R5jYT2VLksO4fl1MR2",Bumpin Uglies,No Love (with Little Stranger),reggae,8,43,50,64K,2022-07-29
"https://i.scdn.co/image/ab67616d0000b273ce1979c91b04be4537b627ea, https://open.spotify.com/track/43PjJSMh8popB0YmyGEZI7",Budapest Ragtime Band,Tiger Rag,hot jazz,8,0,2,192,2014-07-15
"https://i.scdn.co/image/ab67616d0000b2737822ffd2b5591f13178d5f02, https://open.spotify.com/track/6tw33knF0OekJYk1R2jDAN",Amabongwa,iZulu Motos,"afrobeat, rumba",8,6,18,847,2022-05-30
"https://i.scdn.co/image/ab67616d0000b273cb323783c0bce02b750a1ebf, https://open.spotify.com/track/2kB4PdpLdDyFKp5S0rMUFn",Rubber Band Gun,My Time,indie rock,8,4,9,1.36K,2021-07-27
"https://i.scdn.co/image/ab67616d0000b2733b16a4625d5faf72e46ca6b7, https://open.spotify.com/track/7i3g8REaA1reMBIBOpiWL9",GOON DES GARCONS*,purist*,rap,7,25,60,6.96K,2022-09-09
"https://i.scdn.co/image/ab67616d0000b27349a7f57e873554417c8e50f6, https://open.spotify.com/track/0bQTTytCfnxIWjYi9TRSBE",Puya,Fundamental,"funk rock, alt metal",7,29,69,943K,1999-01-01
"https://i.scdn.co/image/ab67616d0000b273aca44ea06c236b60416359ee, https://open.spotify.com/track/6jbuhSdZ5l8WDO88xJLt3T",Electric Light Orchestra,I'm Alive,rock,7,36,70,3.42M,1980-01-01
"https://i.scdn.co/image/ab67616d0000b2730cfb4d80e408eac07ba98988, https://open.spotify.com/track/6SYfuJ4j2mgDj0umcK44hl",eeyora,more will suffer my hell,shoegaze,7,2,1,68,2022-09-13
"https://i.scdn.co/image/ab67616d0000b2732435d81b2f093837365a3a3f, https://open.spotify.com/track/04beP16sVXxUW2T1K2Lg7k",Ringo Starr,This Be Called a Song,rock,7,6,54,802K,1976-01-01
"https://i.scdn.co/image/ab67616d0000b2737d7b13ed9c6aa99e96344a5d, https://open.spotify.com/track/3Isj85ak2yj4EndfKFGs9x",6LACK,ATL Freestyle,"alientrap, supertrap",6,52,75,3.64M,2020-06-26
"https://i.scdn.co/image/ab67616d0000b27332ca88fadf8d9880807379c7, https://open.spotify.com/track/1CyK7EE1s78yCq5ZZQZLJR",Airman,SODA - instrumental,rock,6,3,42,36.6K,2020-09-08
"https://i.scdn.co/image/ab67616d0000b273d722b0f2d042b22b4b119625, https://open.spotify.com/track/2bGW9TdzrATtZtHl4jGuHl",Frank Black,(I Want to Live on an) Abstract Plain,rock,6,32,42,95.2K,1994-05-23
"https://i.scdn.co/image/ab67616d0000b27300ba07e5b544458495950f33, https://open.spotify.com/track/5nMXh5Qbjak6kY0VzgMTWN",The Wet Secrets,Chains,canadian indie rock,6,0,4,1.44K,2014-02-04
"https://i.scdn.co/image/ab67616d0000b2736047f291468ae9ff6e981e66, https://open.spotify.com/track/2fHmSqYA5DUp9LEfZLVcD0",Hazey Haze,Actors,irish rap,6,5,10,1.94K,2020-01-09
"https://i.scdn.co/image/ab67616d0000b273359fbbdab3f0d81c035a8d2f, https://open.spotify.com/track/2TcNQxI44lXRu5Hmyqvg0v",Red City Radio,Love a Liar,punk,6,45,39,36.3K,2019-09-23
"https://i.scdn.co/image/ab67616d0000b2737566bb31721d4731a33418f2, https://open.spotify.com/track/1QNabCdDRPLv1DR5GVs4Ad",Sirens of Ha Long,Far East,indie rock,6,0,0,124,2017-12-23
"https://i.scdn.co/image/ab67616d0000b273bcfba516fc4aef0c26b9df53, https://open.spotify.com/track/0zG2XJwRYZtrqkfGPTIkKf",Bronze,HEAVIER,glitchy noise rap,5,7,54,69.2K,2022-09-09
"https://i.scdn.co/image/ab67616d0000b27343339671893751f43b5f6196, https://open.spotify.com/track/3WOI9odidQJAhW6AM9W54e",Eric Kinny,Last Goodbye,classical,5,35,22,845,2019-10-22
"https://i.scdn.co/image/ab67616d0000b273ba598ab1a362bdf7554202cb, https://open.spotify.com/track/3diR8AUqsxgjOsO2xFoF1S",Dimitri De Alencar,Self Promotion,synthpop,5,2,18,2.48K,2020-07-16
"https://i.scdn.co/image/ab67616d0000b2733e3ed4ba907a9ac14ab825cd, https://open.spotify.com/track/4rGpWDju4nVP4QuNjk6wHR",Juice,Do You Really Feel? (Acoustic Version),"acoustic, rock",5,14,89,25.6M,2022-09-16
"https://i.scdn.co/image/ab67616d0000b273108d4a68b54f1563e8609572, https://open.spotify.com/track/7bBrP9ZuwlH3vizXrqjbc4",Bastidas!,Element,"alternative, post grunge",5,4,2,190,2019-01-10
"https://i.scdn.co/image/ab67616d0000b2736c5faa873bb5642de30980d0, https://open.spotify.com/track/2qRWJKtb4eOyiMeEtNFpn7",Oracle Sisters,The Dandelion,psychedelic rock,5,51,47,19.7K,2020-12-02
"https://i.scdn.co/image/ab67616d0000b2732da5ce309f42c8080dd7ce4d, https://open.spotify.com/track/5yINACMLdxaQqdeEDfC7qH",Shay De Castro,Mapping the Heavens,techno,5,6,9,962,2022-09-16
"https://i.scdn.co/image/ab67616d0000b273f9a2c66a8ce49265010e2edc, https://open.spotify.com/track/33sJSrzVrW9XXn9zMfIErs",It Prevails,Defenses Down,melodic hardcore,5,27,22,19.5K,2009-02-17
"https://i.scdn.co/image/ab67616d0000b27392757de7ad0fda21563e3ae1, https://open.spotify.com/track/74DRvGiCcrGpoyzOU7UK86",Faetooth,Echolalia,doom metal,5,26,20,5.22K,2022-08-26
"https://i.scdn.co/image/ab67616d0000b273b3f10a1f52fcb84159dd8083, https://open.spotify.com/track/4YXA9ZoDRG9Prg26kh1mt5",Kanako Wada,悲しいハートは燃えている,city pop,5,35,27,2.28K,2021-08-20
"https://i.scdn.co/image/ab67616d0000b273d19e392acf16c18bee00e1e7, https://open.spotify.com/track/1TJ89DYISZJGGtV58iu1qw",Mobile,Out of My Head,alternative rock,5,21,28,1.5K,2006-01-01
"https://i.scdn.co/image/ab67616d0000b273d8369cbba4affe9cb8224b7f, https://open.spotify.com/track/196WTLCoWOyhEiTKwef0YX",Yantras,Crowded Loneliness,"doom, shoegaze",5,0,28,6.55K,2021-10-22
"https://i.scdn.co/image/ab67616d0000b2734b2bebf2268564a50a45f1b6, https://open.spotify.com/track/3Y2rPTtB64DE58ZYez8SCW",Lecx Stacy,Wished Well,indie folk,4,10,32,1.37K,2022-09-15
"https://i.scdn.co/image/ab67616d0000b273d6b9bc1056cfd2f48e26e91e, https://open.spotify.com/track/6tc2nHTmQjXQXo2ybeVZB7",Slum Village,Tainted,hip hop 2002,4,42,53,273K,2002-08-13
"https://i.scdn.co/image/ab67616d0000b2739dea43e1ba135094aae5a600, https://open.spotify.com/track/4qg2rXtE20scfPhGvG5tqq",Fall Out Boy,Disloyal Order Of Water Buffaloes,pop punk,4,49,77,9.54M,2008-12-10
"https://i.scdn.co/image/ab67616d0000b273d951b9ffaff3fc294fd938dd, https://open.spotify.com/track/4wYpjral4wvOld6talKDM4",Isaac Albéniz,Asturias (Leyenda),classic guitar,4,41,43,40.1K,1998-07-16
"https://i.scdn.co/image/ab67616d0000b2737474c4cf48e78734c702ea27, https://open.spotify.com/track/6vzAmuhUbsrQOmXq7cOqdj",Clara Joy,How to Write a Song,"lofi, smooth, indie, diy, melancholy pop, slowcore",4,4,16,2.15K,2019-09-13
"https://i.scdn.co/image/ab67616d0000b273b6dd309f7cf454ea360de6c8, https://open.spotify.com/track/1fPoyeUvhqT1zDYPTdGS4M",Brazos,The Shining,"dream pop, indie folk",4,18,29,3.99K,2022-06-22
"https://i.scdn.co/image/ab67616d0000b27386e24438197e7de05a1e09f8, https://open.spotify.com/track/2c52bnYXogKpuAn5gS9ZBq",Manic Street Preachers,Repeat (UK) [Remastered],rock,4,23,56,596K,1992-02-10
"https://i.scdn.co/image/ab67616d0000b273b2dbec4a6a4778ef5445c9fe, https://open.spotify.com/track/7hQmCBodKHekiPxAPSNbFq",Spencer Maybe,Wait and Patience,rock,4,4,1,149,2018-09-30
"https://i.scdn.co/image/ab67616d0000b273f42c3ac9e8787096eb508e2e, https://open.spotify.com/track/5VHUehmGMkLCB6CXzBT4JN",Rahul,ANECDOTE,hip hop,4,52,38,4.52K,2021-10-20
"https://i.scdn.co/image/ab67616d0000b2739fff40b3660a79fecba65046, https://open.spotify.com/track/2DUMBeLSiYopTR400Y5C7p",Emma Volard,My Desire,neo-soul,4,5,10,839,2022-04-29
"https://i.scdn.co/image/ab67616d0000b27397c23d2f2878bf230fdba44d, https://open.spotify.com/track/2SE11vmjbi7j5QKJ885ib6",Ini Kamoze,World A Music,reggae,4,54,55,119K,1984-01-01
"https://i.scdn.co/image/ab67616d0000b2730075e71ea45516b2625ed96b, https://open.spotify.com/track/6lFjTA1vOp1wkfJwCN7PBn",Son Cesano,Monus Bonus,"instrumental psychedelic, stoner rock",4,8,3,848,2022-09-16
"https://i.scdn.co/image/ab67616d0000b273010c99eca6ac8b24f2f516ad, https://open.spotify.com/track/1YbhHjgbM4hI7stX3Eg24l",Birch Pereira & the Gin Joints,A Love I Can't Explain,"gipsy, jazz, soul",3,13,8,550,2018-03-08
