Thumbnail,Video Title,Channel,Genre(s) on Reddit,Reddit upvotes,Views,Likes,Comments,Duration,Date published
"https://i.ytimg.com/vi/efh2PIDFMRc/hqdefault.jpg, https://www.youtube.com/watch?v=efh2PIDFMRc",Си Пакъ. Черкесская песня,ВЕК,circassian folk music,640,13.7K,1.35K,169,03:17,2022-09-22
"https://i.ytimg.com/vi/91Dt_0bPOTI/hqdefault.jpg, https://www.youtube.com/watch?v=91Dt_0bPOTI",Blam Blam Blam - Don't Fight It Marsha,chillblue07,"college rock, new wave",553,92.9K,901,66,04:17,2011-01-31
"https://i.ytimg.com/vi/lE3XGcb3VdM/hqdefault.jpg, https://www.youtube.com/watch?v=lE3XGcb3VdM",Heavy Metal • Theme Song • Sammy Hagar,HD Film Tributes,,395,35.2K,927,2,03:55,2021-06-20
"https://i.ytimg.com/vi/dscfeQOMuGw/hqdefault.jpg, https://www.youtube.com/watch?v=dscfeQOMuGw",Monster Magnet - Space Lord (Official Video),MonsterMagnetVEVO,postapocalyptic goth metal,377,27M,165K,7.32K,04:30,2009-06-16
"https://i.ytimg.com/vi/IXeGVEx9-t8/hqdefault.jpg, https://www.youtube.com/watch?v=IXeGVEx9-t8",Garageland - Comeback Special,chillblue07,"alternative rock, power pop",295,20.1K,179,14,02:58,2011-02-02
"https://i.ytimg.com/vi/FIdyvT8n1nE/hqdefault.jpg, https://www.youtube.com/watch?v=FIdyvT8n1nE",Kandisa,Various Artists - Topic,"indie, neo-folk",232,258K,2.88K,10,07:41,2018-10-19
"https://i.ytimg.com/vi/e9VaJFJL1dE/hqdefault.jpg, https://www.youtube.com/watch?v=e9VaJFJL1dE",Robot God - Ready To Launch (Official Video),Robot God,"heavy psych, stoner rock",204,2.4K,93,9,07:04,2022-08-24
"https://i.ytimg.com/vi/vineOp5iiGY/hqdefault.jpg, https://www.youtube.com/watch?v=vineOp5iiGY",Crows - Slowly Separate (Official Video),CROWS,post punk,196,21.7K,495,38,03:42,2022-01-13
"https://i.ytimg.com/vi/Is7maCcAdmk/hqdefault.jpg, https://www.youtube.com/watch?v=Is7maCcAdmk","X - Men Days of Future Past (2014) - ""Time in a Bottle"" song by Jim Croce 1080p FHD",Shisui D Luffy,pop,189,1.19K,11,1,02:17,2022-04-26
"https://i.ytimg.com/vi/Ih5qBRDg11w/hqdefault.jpg, https://www.youtube.com/watch?v=Ih5qBRDg11w",Mumma Wants To Go Surfing,Ozzie Wright - Topic,folk punk,162,1.98K,27,0,02:51,2015-02-25
"https://i.ytimg.com/vi/0l6gPLynmts/hqdefault.jpg, https://www.youtube.com/watch?v=0l6gPLynmts",Sentience - Finer Scale,Izerion,"breakbeat, industrial metal",134,19K,220,6,04:27,2011-06-12
"https://i.ytimg.com/vi/irCW8jvyyJc/hqdefault.jpg, https://www.youtube.com/watch?v=irCW8jvyyJc",Without Sin,Morta Skuld - Topic,death metal,134,12.8K,273,3,04:04,2017-01-23
"https://i.ytimg.com/vi/31BFcWLiTbg/hqdefault.jpg, https://www.youtube.com/watch?v=31BFcWLiTbg",Paul Nova - You Are - 1984,Paul Nova,coldwave,106,1.09K,23,0,04:05,2014-04-01
"https://i.ytimg.com/vi/SasqO3-Lq1o/hqdefault.jpg, https://www.youtube.com/watch?v=SasqO3-Lq1o",Tale Of The Aftermath,The Appleseed Cast - Topic,"emo, indie rock",96,692,22,0,03:18,2017-02-20
"https://i.ytimg.com/vi/W9RSd8G8MUs/hqdefault.jpg, https://www.youtube.com/watch?v=W9RSd8G8MUs",Kenji,Fort Minor - Topic,hip hop,95,763K,16K,5,03:52,2014-11-08
"https://i.ytimg.com/vi/gkNacUA0qIA/hqdefault.jpg, https://www.youtube.com/watch?v=gkNacUA0qIA",Moth Equals - Cordiform [ Dubstep / Bollywood / Trip Hop ],Moth Equals,"dark bollywood, electronic",89,99.2K,1.16K,83,06:23,2016-01-03
"https://i.ytimg.com/vi/NnE73tTRPmg/hqdefault.jpg, https://www.youtube.com/watch?v=NnE73tTRPmg",Vieux Farka Touré et Khruangbin - Diarabi (Official Video),Khruangbin,"west african, psychedelic rock",87,26.8K,1.9K,110,05:,2022-09-23
"https://i.ytimg.com/vi/uB1D9wWxd2w/hqdefault.jpg, https://www.youtube.com/watch?v=uB1D9wWxd2w",Mark Morrison - Return of the Mack (Official Music Video),Mark Morrison,r&b,86,173M,1.25M,53.5K,03:47,2007-06-23
"https://i.ytimg.com/vi/i85ob2DackI/hqdefault.jpg, https://www.youtube.com/watch?v=i85ob2DackI",Mammas Don't Let Your Babies Grow up to Be Cowboys,Waylon Jennings - Topic,country,81,20.5M,209K,946,02:33,2014-09-25
"https://i.ytimg.com/vi/6BQwNj95lUc/hqdefault.jpg, https://www.youtube.com/watch?v=6BQwNj95lUc",The Crocketts - 05 - On Something,Zeb Pearce,alternative rock,69,1.38K,7,0,03:,2016-03-07
"https://i.ytimg.com/vi/WA0iu6K1Vuc/hqdefault.jpg, https://www.youtube.com/watch?v=WA0iu6K1Vuc",Mr Bungle - Club Lingerie  - Los Angeles - January 10th 1991 (Full Show),brainphreak,metal,69,219K,3.35K,528,01:28:40,2011-05-28
"https://i.ytimg.com/vi/TLX-JQZIXmI/hqdefault.jpg, https://www.youtube.com/watch?v=TLX-JQZIXmI",Surf Dads - Last Night,Surf Dads,indie rock,65,702,30,7,04:24,2022-09-23
"https://i.ytimg.com/vi/dxy5WOQ4qfg/hqdefault.jpg, https://www.youtube.com/watch?v=dxy5WOQ4qfg",The Warning - EVOLVE (Live Session ),The Warning,rock,60,492K,20.2K,1.56K,03:34,2021-11-02
"https://i.ytimg.com/vi/YZNwd_FQPNs/hqdefault.jpg, https://www.youtube.com/watch?v=YZNwd_FQPNs",Swim Team - Innocent,Swim Team,indie pop,53,1.24K,50,11,04:39,2022-08-25
"https://i.ytimg.com/vi/GQ5ejXzQu3Q/hqdefault.jpg, https://www.youtube.com/watch?v=GQ5ejXzQu3Q",Beneath the Remains,Sepultura - Topic,thrash metal,44,1.04M,15.2K,270,05:15,2017-04-08
"https://i.ytimg.com/vi/7ADgCeYJMN4/hqdefault.jpg, https://www.youtube.com/watch?v=7ADgCeYJMN4",Onyx - Slam (Official Video),OnyxVEVO,alternative rap,40,26.3M,225K,8.85K,03:38,2009-10-08
"https://i.ytimg.com/vi/JvseMxCyk1I/hqdefault.jpg, https://www.youtube.com/watch?v=JvseMxCyk1I",Motoryak,Death Yak - Topic,latin american heavy psych,37,807,22,2,02:43,2018-05-29
"https://i.ytimg.com/vi/qEpqeTAYEXc/hqdefault.jpg, https://www.youtube.com/watch?v=qEpqeTAYEXc",Don't Know,Sd Laika - Topic,experimental electronic,37,4.31K,162,0,04:41,2014-12-01
"https://i.ytimg.com/vi/-L7IdUqaZxo/hqdefault.jpg, https://www.youtube.com/watch?v=-L7IdUqaZxo",David Byrne and Brian Eno - Strange Overtones,Ricardo Laguna,electronic gospel,34,670K,6.75K,238,04:18,2014-04-10
"https://i.ytimg.com/vi/hAFO2diIvcQ/hqdefault.jpg, https://www.youtube.com/watch?v=hAFO2diIvcQ",Black Dog,The Euclid Motel - Topic,"rock, lo-fi",31,309,6,0,03:58,2022-09-23
"https://i.ytimg.com/vi/rcr2f1l7aDE/hqdefault.jpg, https://www.youtube.com/watch?v=rcr2f1l7aDE","Meinl Cymbals - Aric Improta - ""Blur-Lights in the Videodrome""",MEINL Cymbals,jazz fusion,30,342K,14K,1.01K,39:28,2018-01-08
"https://i.ytimg.com/vi/K9AuABAgvBo/hqdefault.jpg, https://www.youtube.com/watch?v=K9AuABAgvBo",In the Ghetto,Elvis Presley - Topic,"soul, rock",30,191K,4.6K,13,02:58,2017-01-25
"https://i.ytimg.com/vi/ICUpwQ59h8I/hqdefault.jpg, https://www.youtube.com/watch?v=ICUpwQ59h8I",He Is Legend - LIFELESS LEMONADE (Official Visualiser),SpinefarmRec,"groove metal, hard rock",29,5.88K,313,54,05:07,2022-09-23
"https://i.ytimg.com/vi/rkcAk0VKpo8/hqdefault.jpg, https://www.youtube.com/watch?v=rkcAk0VKpo8",The Men - (),Sacred Bones Records,hard garage rock,28,280,7,1,05:48,2022-03-18
"https://i.ytimg.com/vi/TDdNQR3OzkI/hqdefault.jpg, https://www.youtube.com/watch?v=TDdNQR3OzkI",Freak Kitchen - Hateful Little People - HQ.wmv,baalgar,metal,25,27.1K,146,2,03:33,2011-05-08
"https://i.ytimg.com/vi/y-pMzVgGeS8/hqdefault.jpg, https://www.youtube.com/watch?v=y-pMzVgGeS8",WHITEY - COUNT THOSE FREAKS (OFFICIAL AUDIO),Whitey,"electroswing, swing",24,153K,2.29K,115,04:17,2020-07-06
"https://i.ytimg.com/vi/BVtfFSczE1M/hqdefault.jpg, https://www.youtube.com/watch?v=BVtfFSczE1M",I Wanna Make You Bread,Free Cake for Every Creature - Topic,indie pop,24,1.35K,56,0,01:05,2020-04-02
"https://i.ytimg.com/vi/3CqTH6oAK80/hqdefault.jpg, https://www.youtube.com/watch?v=3CqTH6oAK80",Evil,Electric Citizen - Topic,rock,22,3.02K,103,0,03:34,2017-02-20
"https://i.ytimg.com/vi/yqn2HQvG_xQ/hqdefault.jpg, https://www.youtube.com/watch?v=yqn2HQvG_xQ",La Guacamaya,Grecia Albán - Topic,modern andes music,22,2.02K,47,0,05:35,2021-10-27
"https://i.ytimg.com/vi/d0p6Pw6oZOQ/hqdefault.jpg, https://www.youtube.com/watch?v=d0p6Pw6oZOQ",What Do I Do (Carnival Mix),Phil Fearon & Galaxy - Topic,"synthpop, disco",22,22.3K,319,1,03:47,2020-02-08
"https://i.ytimg.com/vi/oBDvy-OW5wI/hqdefault.jpg, https://www.youtube.com/watch?v=oBDvy-OW5wI",Non Plus Temps - Continuous Hinge,Post Present Medium,post-punk indie,22,1.27K,35,7,04:56,2022-08-31
"https://i.ytimg.com/vi/5NPBIwQyPWE/hqdefault.jpg, https://www.youtube.com/watch?v=5NPBIwQyPWE",Avril Lavigne - Complicated (Official Video),AvrilLavigneVEVO,poprock,22,535M,3.74M,140K,04:14,2010-02-25
"https://i.ytimg.com/vi/puK9i1gs9Z4/hqdefault.jpg, https://www.youtube.com/watch?v=puK9i1gs9Z4",King Whisker - Food Dimension (Official Music Video),King Whisker,indie punk,22,3.87K,66,8,02:46,2022-09-10
"https://i.ytimg.com/vi/DRSJZlxPvpM/hqdefault.jpg, https://www.youtube.com/watch?v=DRSJZlxPvpM",Jazz Celula - Desatero Řemesel [Czech Rep./Czechoslovakia] Psych Jazz (1976),Music for empty rooms,psych jazz,18,2.23K,176,20,03:45,2022-09-23
"https://i.ytimg.com/vi/7jSREvkRgCs/hqdefault.jpg, https://www.youtube.com/watch?v=7jSREvkRgCs",HERB ALPERT - And the Angels Sing,John K Wells,jazz,17,159,4,0,02:38,2022-07-18
"https://i.ytimg.com/vi/IFiGqKaNtQE/hqdefault.jpg, https://www.youtube.com/watch?v=IFiGqKaNtQE",Sentimental Stations,Tobin Sprout - Topic,indie rock,17,117,7,0,04:44,2022-09-23
"https://i.ytimg.com/vi/0dIsjcrIQPY/hqdefault.jpg, https://www.youtube.com/watch?v=0dIsjcrIQPY",glass marbles,susquatch - Topic,"math rock, midwest emo",17,226,3,0,02:34,2022-08-24
"https://i.ytimg.com/vi/tmdbAwP_O4A/hqdefault.jpg, https://www.youtube.com/watch?v=tmdbAwP_O4A",The Lightsenders - Derek Is An Astronaut (2022) (Full Album),In The Woods,derek is an astronaut,15,3.81K,237,12,01:09:30,2022-09-22
"https://i.ytimg.com/vi/HmCQAxP6s3Y/hqdefault.jpg, https://www.youtube.com/watch?v=HmCQAxP6s3Y",SNAPPER - Buddy (1988),N0ISYLAND,"indie pop, dunedin sound",15,10.3K,165,16,03:47,2011-05-05
"https://i.ytimg.com/vi/FO0G4ZJxjGo/hqdefault.jpg, https://www.youtube.com/watch?v=FO0G4ZJxjGo",Indecent,Maggie Miles - Topic,alt pop,15,268,14,0,02:53,2022-05-27
"https://i.ytimg.com/vi/i9WSEbcnFpk/hqdefault.jpg, https://www.youtube.com/watch?v=i9WSEbcnFpk",The Green Tribe - Steve Buscemi (Official Music Video),The Green Tribe,indie pop,14,525,36,16,02:36,2020-09-14
"https://i.ytimg.com/vi/Kf7sGoo7U7g/hqdefault.jpg, https://www.youtube.com/watch?v=Kf7sGoo7U7g","Marc Moulin - Tohubohu IV [Belgium] Psych Jazz, Funk, Fusion (1975)",Music for empty rooms,"psych jazz, funk, fusion",13,1.15K,150,13,03:34,2022-09-27
"https://i.ytimg.com/vi/TvImS_rTxs8/hqdefault.jpg, https://www.youtube.com/watch?v=TvImS_rTxs8",tunnel of love,Mind’s Eye - Topic,indie rock,12,67.9K,2.18K,0,04:03,2022-02-24
"https://i.ytimg.com/vi/qfZVu0alU0I/hqdefault.jpg, https://www.youtube.com/watch?v=qfZVu0alU0I",Barry McGuire - Eve Of Destruction,The Best Of - Home Of Classic Music,rock,12,9.3M,80K,5.95K,03:41,2013-03-10
"https://i.ytimg.com/vi/m2Ma2OW1IeQ/hqdefault.jpg, https://www.youtube.com/watch?v=m2Ma2OW1IeQ",DANCING PLAGUE,ALOUTOULOU,"electromedieval, reverse bardcore",12,1.18K,107,29,02:05,2022-09-24
"https://i.ytimg.com/vi/f4Q5azAhbwM/hqdefault.jpg, https://www.youtube.com/watch?v=f4Q5azAhbwM",Dilettante - Surrogate Lover (Official Video),Dilettante,art pop,11,426,33,4,03:52,2022-09-23
"https://i.ytimg.com/vi/1VUyjsXfbl8/hqdefault.jpg, https://www.youtube.com/watch?v=1VUyjsXfbl8",Tim Burgess - Typical Music (Official Music Video),bellaunioninc,rock,11,14.5K,191,9,03:03,2022-06-06
"https://i.ytimg.com/vi/Iqkp1r3tyU0/hqdefault.jpg, https://www.youtube.com/watch?v=Iqkp1r3tyU0",The City Sleeps (Radio Edit),MC 900 Ft. Jesus - Topic,undefined genre,11,465,18,0,04:41,2022-01-26
"https://i.ytimg.com/vi/KSMVflSBKx8/hqdefault.jpg, https://www.youtube.com/watch?v=KSMVflSBKx8",The Rubberband Man,The Spinners - Topic,funk,11,18.1M,167K,2.83K,07:25,2015-03-10
"https://i.ytimg.com/vi/Xmug0SU28zc/hqdefault.jpg, https://www.youtube.com/watch?v=Xmug0SU28zc",Hexis - Nunquam (Official video),Debemur Morti Productions,"black metal, blackened post-hardcore, post-metal",11,27.1K,498,31,02:46,2022-06-02
"https://i.ytimg.com/vi/ubboP9Qq1wM/hqdefault.jpg, https://www.youtube.com/watch?v=ubboP9Qq1wM","Half-Life / RAY    Official Music Video""2022年第三弾シングル""",youtube Half-Life,j-rock,11,1.81K,106,3,03:33,2022-08-01
"https://i.ytimg.com/vi/iHoDQTPyIjc/hqdefault.jpg, https://www.youtube.com/watch?v=iHoDQTPyIjc",I Got Summer On My Mind,Jay Dunham - Topic,tech house,10,80.2K,1.66K,0,03:09,2022-07-21
"https://i.ytimg.com/vi/wn-qzPNSEXA/hqdefault.jpg, https://www.youtube.com/watch?v=wn-qzPNSEXA",Myrah,The Left Banke - Topic,baroque pop,10,3.53K,38,0,03:21,2018-12-12
"https://i.ytimg.com/vi/qdtLCfEcPL4/hqdefault.jpg, https://www.youtube.com/watch?v=qdtLCfEcPL4",Peter Fox - Alles neu (offizielles Video),Peter Fox,hip hop,10,67.4M,272K,13.2K,04:32,2008-07-17
"https://i.ytimg.com/vi/il6lzzgGTD0/hqdefault.jpg, https://www.youtube.com/watch?v=il6lzzgGTD0",[MV] 신해경 - 감정둔마(感情鈍痲),BESPOK,dream pop,10,16.8K,447,57,04:02,2021-07-11
"https://i.ytimg.com/vi/OX1nbRBq-_8/hqdefault.jpg, https://www.youtube.com/watch?v=OX1nbRBq-_8",Human,Wrest - Topic,scottish indie,9,11.5K,222,5,04:23,2019-01-22
"https://i.ytimg.com/vi/NwUGbGmMQos/hqdefault.jpg, https://www.youtube.com/watch?v=NwUGbGmMQos","SIZOR - ХОЛОДНЫЕ СТЕНЫ (Lyrics, Post-Punk)",SIZOR,post-punk,9,67.8K,1.97K,109,03:21,2021-10-15
"https://i.ytimg.com/vi/U1FySdJ6f_0/hqdefault.jpg, https://www.youtube.com/watch?v=U1FySdJ6f_0",Between Shadows,The Last Man - Topic,"stoner, prog hard rock",9,2.02K,105,0,07:17,2021-04-28
"https://i.ytimg.com/vi/xu6coigDu3w/hqdefault.jpg, https://www.youtube.com/watch?v=xu6coigDu3w",River Guts,Peter Bibby - Topic,folk,8,388,7,0,03:34,2021-05-14
"https://i.ytimg.com/vi/IenuKRsS2qA/hqdefault.jpg, https://www.youtube.com/watch?v=IenuKRsS2qA",Placebo - Special K,Confusion In Motion,alt rock,8,238,2,0,03:50,2022-04-03
"https://i.ytimg.com/vi/38AgcitDQRU/hqdefault.jpg, https://www.youtube.com/watch?v=38AgcitDQRU",Ty Wagner - I'm A No-Count,Bolt24 Hot Sounds,garage rock,8,16.1K,247,12,02:29,2013-03-16
"https://i.ytimg.com/vi/QOyo9_nTYZc/hqdefault.jpg, https://www.youtube.com/watch?v=QOyo9_nTYZc",'Caliber' [Dana Hawkins Drum Edit] - Evan Marien (feat. Tigran Hamasyan & Fredrik Thordendal),Evan Marien,"synth, prog, jazz",8,12.2K,461,45,03:30,2022-08-12
"https://i.ytimg.com/vi/SktAThk2iSg/hqdefault.jpg, https://www.youtube.com/watch?v=SktAThk2iSg",Danielson - When It Comes To You I'm Lazy,Alfredo,indie rock,8,114,0,0,03:56,2017-01-13
"https://i.ytimg.com/vi/-ZstRr88I5k/hqdefault.jpg, https://www.youtube.com/watch?v=-ZstRr88I5k",Shivers (The Boys Next Door Cover) LIVE at Apax Warehouse- Folk B*tch Trio,Folk B*tch Trio,"folk, acoustic, indie",7,141,11,3,04:28,2022-09-27
"https://i.ytimg.com/vi/4KgyMNoN1a8/hqdefault.jpg, https://www.youtube.com/watch?v=4KgyMNoN1a8",Four Tet - Love Cry,Four Tet,electronic,7,45.1K,666,23,09:14,2018-10-18
"https://i.ytimg.com/vi/WkXvOtfzsQs/hqdefault.jpg, https://www.youtube.com/watch?v=WkXvOtfzsQs",Courting - Famous (Official Video),Courting,indie rock,7,15.1K,229,33,03:22,2022-09-23
"https://i.ytimg.com/vi/FPQ-cPb8YHM/hqdefault.jpg, https://www.youtube.com/watch?v=FPQ-cPb8YHM",Smiling Like An Idiot,Sorcha Richardson - Topic,indie pop,7,295,10,0,04:18,2022-09-22
"https://i.ytimg.com/vi/5D_S9fvaN34/hqdefault.jpg, https://www.youtube.com/watch?v=5D_S9fvaN34",Television = Reality,3MC V01D,experimental,7,50,0,0,06:16,2022-09-26
"https://i.ytimg.com/vi/2vGKyHfVCzI/hqdefault.jpg, https://www.youtube.com/watch?v=2vGKyHfVCzI",Ludwig A.F. - Sequoia,hurfyd,"electronic, downtempo",7,1.48K,121,5,05:21,2022-09-27
"https://i.ytimg.com/vi/Lnbj8MqHgkE/hqdefault.jpg, https://www.youtube.com/watch?v=Lnbj8MqHgkE",Sirota - The Window Song (Official Video),Isabella Sirota,alt pop,7,77,3,2,03:38,2022-07-08
"https://i.ytimg.com/vi/Akz2SJFdt3c/hqdefault.jpg, https://www.youtube.com/watch?v=Akz2SJFdt3c",Arise,Itai and the Ophanim - Topic,jewish indie folk,6,73,3,0,02:41,2019-09-03
"https://i.ytimg.com/vi/O6Q40nZRRco/hqdefault.jpg, https://www.youtube.com/watch?v=O6Q40nZRRco",Midnight Rider,The Allman Brothers Band - Topic,rock,6,16.1M,189K,305,03:01,2018-08-31
"https://i.ytimg.com/vi/1pxOpYA3oUU/hqdefault.jpg, https://www.youtube.com/watch?v=1pxOpYA3oUU",When It's Love,ArcAngel Cannata - Topic,rock,6,301,2,0,04:39,2015-09-18
"https://i.ytimg.com/vi/ZaDE8jMSBT4/hqdefault.jpg, https://www.youtube.com/watch?v=ZaDE8jMSBT4",We Deliver,The Miamis - Topic,pop rock,6,426,11,0,02:06,2020-09-02
"https://i.ytimg.com/vi/9wLc7Ka9W9A/hqdefault.jpg, https://www.youtube.com/watch?v=9wLc7Ka9W9A",Yiğit - Son Yok,TUNALI103,"indie rock, indie pop",6,5.79K,44,3,04:41,2022-04-08
"https://i.ytimg.com/vi/43aJ122g80c/hqdefault.jpg, https://www.youtube.com/watch?v=43aJ122g80c",The Homme - Silver Lake (Lyric Video),The Homme,indie synth rock,6,288,14,2,04:12,2021-12-15
"https://i.ytimg.com/vi/uouXZj96Oro/hqdefault.jpg, https://www.youtube.com/watch?v=uouXZj96Oro",TOLEDO - How It Ends (Official Music Video),TOLEDO,dream pop,6,11.7K,85,7,03:32,2022-09-20
"https://i.ytimg.com/vi/R8UyCQW_Dyc/hqdefault.jpg, https://www.youtube.com/watch?v=R8UyCQW_Dyc",Warrant  - Uncle Tom's Cabin,JohnFarooq,"hair metal, glam metal, pop metal",5,943K,4.94K,460,04:04,2008-10-15
"https://i.ytimg.com/vi/ipvEIZMMILA/hqdefault.jpg, https://www.youtube.com/watch?v=ipvEIZMMILA",AronChupa - Little Swing ft. Little Sis Nora | OFFICIAL VIDEO,AronChupaVEVO,house,5,98.5M,1.1M,17.7K,03:50,2016-03-09
"https://i.ytimg.com/vi/mQGNTyo0ZRE/hqdefault.jpg, https://www.youtube.com/watch?v=mQGNTyo0ZRE",Dream a Little Dream of Me,Doris Day - Topic,pop,5,153K,5.26K,3,03:44,2019-01-24
"https://i.ytimg.com/vi/52CZVfiiMpY/hqdefault.jpg, https://www.youtube.com/watch?v=52CZVfiiMpY",Mdou Moctar - Full Performance (Live on KEXP),KEXP,african rock,5,14.1K,947,54,31:13,2022-09-27
"https://i.ytimg.com/vi/GVT-1mLzF00/hqdefault.jpg, https://www.youtube.com/watch?v=GVT-1mLzF00",#CITYPOP #JAPANESE #70年代  岩渕まこと(MAKOTO IWABUCHI) - ムーンライト・フライト（Moonlight Flight) (1977),NO SOUL NO LIFE,city pop,5,299,8,0,03:59,2021-12-05
"https://i.ytimg.com/vi/wwGDH5ek7Gc/hqdefault.jpg, https://www.youtube.com/watch?v=wwGDH5ek7Gc",Tristâme - Late Summer Storm (Animated Music Video),Tristâme Music,alternative rock,5,324,35,18,04:23,2022-09-15
"https://i.ytimg.com/vi/GCkn3MY2mBY/hqdefault.jpg, https://www.youtube.com/watch?v=GCkn3MY2mBY",Lionize - Loneliest Whale [Official Video],Lionizemusic,"rock, electronica",5,6.74K,216,21,03:49,2019-06-28
"https://i.ytimg.com/vi/S-YsGdjkIgw/hqdefault.jpg, https://www.youtube.com/watch?v=S-YsGdjkIgw",Everybody's Free (To Wear Sunscreen),Quindon Tarver - Topic,"spoken word, pop",5,613K,14.2K,14,05:10,2014-11-08
"https://i.ytimg.com/vi/VTbeGDhQlxU/hqdefault.jpg, https://www.youtube.com/watch?v=VTbeGDhQlxU",matt pond PA - So Much Trouble,MikeAltitude,indie-rock,5,155K,936,64,03:59,2010-03-03
"https://i.ytimg.com/vi/whx4s1d1GKk/hqdefault.jpg, https://www.youtube.com/watch?v=whx4s1d1GKk",In Vain,James and the Shame - Topic,"country, folk",5,10.2K,483,0,03:42,2022-09-22
"https://i.ytimg.com/vi/voEJx3h_ujo/hqdefault.jpg, https://www.youtube.com/watch?v=voEJx3h_ujo",The Beginning of the End,Various Artists - Topic,rock,5,54,1,0,05:27,2022-09-15
"https://i.ytimg.com/vi/K2CJtA36Jcs/hqdefault.jpg, https://www.youtube.com/watch?v=K2CJtA36Jcs",The Defence,Black Midi - Topic,"jazz, big band",5,47.1K,812,0,03:,2022-07-14
"https://i.ytimg.com/vi/RwIWFzlTWCQ/hqdefault.jpg, https://www.youtube.com/watch?v=RwIWFzlTWCQ",Hoax- the Ovtfit (Official Music Video),The OvtFit,"pop - punk, melodic hardcore",5,522,35,3,04:06,2022-09-23
